"pvals"	"neglog10"	"chromosome"	"species"
0.459388386084648	0.337819988512146	"I"	"H. contortus"
0.773585305941671	0.111491788161167	"II"	"H. contortus"
0.0248655553029478	1.60440183756535	"III"	"H. contortus"
0.00535342077929166	2.27136861969475	"IV"	"H. contortus"
2.12305455754241e-16	15.673038845337	"V"	"H. contortus"
0.0352021936341782	1.45343027250099	"X"	"H. contortus"
